Feature,Importance
overnight_gap,0.07796076915586181
sma_50_ratio,0.04550227185316652
volatility_20d,0.03993373530066579
return_2d,0.03901984077990674
sma_50_200_ratio,0.038200426264875936
macd_line,0.0362832285394127
return_5d,0.03588155754170035
atr_14_ratio,0.035587963544234186
sma_10_ratio,0.0342008145295307
hl_spread,0.033600730589554144
return_3d,0.03324346584049425
macd_signal,0.03214664736142496
ema_26_ratio,0.03195119488511288
sma_200_ratio,0.03094083106483311
vol_sma_20_ratio,0.03083242636007036
macd_diff,0.030317442858597204
return_10d,0.028740052043581717
sma_5_ratio,0.028611400374120664
return_20d,0.027593351603261505
return_1d,0.02720878808358395
rsi_14,0.0263840754371481
sma_5_20_ratio,0.026180009578331945
bb_bandwidth,0.025266817789273022
stoch_d_3,0.024987873154993213
co_spread,0.02472132132084008
vol_return_1d,0.024590330799073117
stoch_k_14,0.02408560272761657
ema_12_ratio,0.023348605436087203
sma_20_ratio,0.0228875928231223
vol_sma_5_ratio,0.019851933377567552
bb_percent_b,0.01675086646749493
month,0.01175205239245265
quarter,0.005937373156740171
day_of_week,0.005498606965269688
